afc,0,1,n/a,0,assets : financial capital,-,-,-,-,financial capital,-,-,-,financial capital (capital financiero),financial capital,
aldagar,0,0,n/a,0,assets : land : agriculture : area in m2,-,-,-,-,-,-,-,-,-,agricultural land (m2),
aldagariv,0,0,n/a,0,assets : land : agriculture : area in m2 : imputed value,-,-,-,-,"agricultural land, area in converted hectares",-,-,-,-,-,
aldar,0,0,n/a,0,assets : land : area in m2,-,-,-,-,assets:land:area in m2::::,-,-,-,-,land size (m2),
aldiv_s,1,1,n/a,0.0000000000001,assets : land : imputed value : simulated,-,-,-,-,-,-,-,-,-,imputed value of land,
aldmv_s,1,1,n/a,0.0000000000001,assets : land : market value : simulated,-,-,-,-,-,-,-,-,-,market value of land,
aldnaar,0,0,n/a,0,assets : land : non agricultural : area in m2,-,-,-,-,"non agricultural land, area in physical hectares",-,-,-,-,-,
amrar,0,0,n/a,50,assets : main residence : area in m2,-,-,main residence size in m2,-,size of flat in square meters,size of flat in square meters,-,-,-,-,
amriv,0,1,n/a,0,assets : main residence : imputed value,-,main residence-imputed cadastral value,-,-,-,-,-,-,-,-,
amriv_s,1,1,n/a,0.0000000000001,assets : main residence : imputed value : simulated,-,-,-,-,-,-,-,-,-,imputed value of main residence,
amrmv,0,1,n/a,0,assets : main residence : market value,-,-,-,-,-,-,-,-,-,market value of main residence,
amrmv_s,1,1,n/a,0.0000000000001,assets : main residence : market value : simulated,-,-,-,-,-,-,-,-,-,market value of main residence,
amrrm,0,0,n/a,0,assets : main residence : number of rooms,-,-,number of rooms,number of rooms,number of rooms,-,-,-,number of rooms (no. dependencias en el hogar),-,
amrtn,0,0,n/a,0,assets : main residence : tenure,-,housing tenure,main residence tenure,-,tenure status,tenure status,-,-,housing tenure (tenencia de la vivienda),tenure status,
amrtp,0,0,n/a,0,assets : main residence : type of residence,-,-,-,-,-,-,-,-,-,type of residence,
aobiv,0,1,n/a,0,assets : other building : imputed value,-,other buildings -imputed cadastral value,-,-,-,-,-,-,-,-,
aoc,0,1,n/a,0,assets : other capital,-,-,-,-,other capital,-,-,-,-,-,
bac,0,1,n/a,0,benefit : accident/disease,-,-,sickness benefit (haigusraha),-,-,-,-,-,-,-,
bcc00_s,1,1,n/a,1e-13,benefit : child care : main/basic : simulated,-,-,childcare allowance (lapsehooldustasu),-,-,-,-,-,-,-,
bccct,0,1,n/a,0,benefit : child care : contributory,-,-,-,child care fee (gyermekgondoz�si d�j),-,-,-,-,-,-,
bcclg_s,1,1,n/a,1e-13,benefit : child care : large family : simulated,-,-,large family parent allowance (seitsme- ja enamalapselise pere vanema toetus),-,-,-,-,-,-,-,
bcclt_s,1,1,n/a,1e-13,benefit : child care : long term : simulated,-,-,-,child raising support (gyermeknevel�si t�mogat�s),-,-,-,-,-,-,
bccnc_s,1,1,n/a,1e-13,benefit : child care : non-contributory : simulated,-,-,-,child care allowance (gyermekgondoz�si seg�ly),-,-,-,-,-,-,
bch,0,1,n/a,0,benefit : child,-,-,child allowances (total),-,-,-,-,-,child benefits (prestaciones por menores a cargo),-,
bch_s,1,1,n/a,1e-13,benefit : child : simulated,-,-,-,-,-,-,child benefit,child benefit,-,-,
bch00,0,1,n/a,0,benefit : child : main/basic,-,-,child allowance (lapsetoetus),-,family allowance,-,-,-,child benefit (prestacion por menores a cargo no minusvalido),-,
bch00_s,1,1,n/a,1e-13,benefit : child : main/basic : simulated,-,-,child allowance (lapsetoetus),-,basic child benefit,-,-,-,ben child benefit,child allowance (i�moka vaikui),
bchab,0,1,n/a,0,benefit : child : abroad,-,-,child allowance abroad,-,-,-,-,-,-,-,
bchba,0,1,n/a,0,benefit : child : birth/adoption,-,-,childbirth allowance (s�nnitoetus),-,-,-,-,-,-,-,
bchba_s,1,1,n/a,1e-13,benefit : child : birth/adoption : simulated,-,-,childbirth allowance (s�nnitoetus),-,-,birth grant,-,-,-,birth grant (vienkartin? i�moka gimus vaikui),
bchdi_s,1,1,n/a,1e-13,benefit : child : disability : simulated,-,-,-,-,-,-,-,-,ben child benefit - disabled,-,
bchdied_s,1,1,n/a,1e-13,benefit : child : disability-invalidity : education : simulated,-,-,-,-,supplement for education of disabled child,-,-,-,-,-,
bched_s,1,1,n/a,1e-13,benefit : child : education : simulated,-,-,school allowance (koolitoetus),-,supplement for starting school  year,-,-,-,-,-,
bchlg_s,1,1,n/a,1e-13,benefit : child : large family : simulated,-,-,large family allowance (kolme- ja enamalapselise pere toetus),-,supplement for large families,large family supplement,-,-,-,-,
bchlp,0,1,n/a,0,benefit : child : lone parent,-,-,single parent child allowance (�ksikvanema lapse toetus),-,lone parent benefit,-,-,-,-,-,
bchlp00_s,1,1,n/a,1e-13,benefit : child : lone parent : main/basic : simulated,-,-,-,-,supplement for lone parent (main benefit),-,-,-,-,-,
bchmt,0,1,n/a,0,benefit : child : means-tested,-,-,-,-,-,-,-,-,-,-,
bchmt_s,1,1,n/a,1e-13,benefit : child : means-tested : simulated,-,-,-,regular child protection benefit (rendszeres gyermekv�delmi t�mogat�s),-,child benefit (means tested),-,-,-,-,
bchnm_s,1,1,n/a,1e-13,benefit : child : not means-tested : simulated,-,-,-,family allowance (csal�di p�tl�k tart�sd�j),-,-,-,-,-,-,
bchor,0,1,n/a,0,benefit : child : orphan,-,-,-,-,-,-,-,-,-,guardianship benefit (globos (r?pybos) i�moka),
bchot,0,1,n/a,0,benefit : child : other,-,child benefit (assegno per famiglia con almeno 3 figli minori),-,-,other child benefits,-,-,-,other child benefits (otras prestaciones por menor a cargo),-,
bchpl,0,1,n/a,0,benefit : child : parental leave,-,-,-,-,parental leave allowance,-,-,-,-,-,
bchrg_s,1,1,n/a,1e-13,benefit : child : regional government : simulated,-,-,-,-,-,-,-,-,ben regional child benefit (prestaciones familiares de las ccaa),-,
bchunlp,0,1,n/a,0,benefit : child : unemployment : lone parent,-,-,-,-,benefit for unemployed lone parents,-,-,-,-,-,
bcrch_s,1,1,n/a,1e-13,benefit : caring : child : simulated,-,-,-,-,-,-,-,-,-,-,
bcrchdi,0,1,n/a,0,benefit : caring : child : disability-invalidity,-,-,-,-,nursing benefit,-,-,-,-,-,
bcrchdi_s,1,1,n/a,1e-13,benefit : caring : child : disability-invalidity : simulated,-,-,-,-,nursing benefit,-,-,-,-,-,
bcrsvcc,0,1,n/a,0,benefit : caring : severe disability : child care,-,-,-,-,-,compensation for lost income due to care for child with special needs,-,-,-,-,
bdi,0,1,n/a,0,benefit : disability,-,-,-,-,-,disability supplement,-,-,-,disability benefits,
bdica,0,1,n/a,0,benefit : disability : receiving care (any type),-,-,-,-,-,attendance supplement,-,-,-,-,
bdicc,0,1,n/a,0,benefit : disability : child care,-,-,-,-,-,childcare supplement,-,-,-,-,
bed,0,1,n/a,0,benefit : education,-,scholarships and grants,scholarships and grants,-,scholarships,scholarships,-,-,scholarships (becas),education-related allowances,
bfa,0,1,n/a,0,benefit : family,-,family allowances (assegni famigliari),-,family allowance,-,family allowance,-,-,-,family/children related allowances,
bfacpwc_s,1,1,n/a,1e-13,benefit : family : couple : with children : simulated,-,family allowance for 2 parents and children (assegni familiari),-,-,-,-,-,-,-,-,
bfacpxc_s,1,1,n/a,1e-13,benefit : family : couple : no children : simulated,-,family allowance for couple and 0 child (assegni famigiari),-,-,-,-,-,-,-,-,
bfalp_s,1,1,n/a,1e-13,benefit : family : lone parent : simulated,-,family allowance for 1 parent and children (assegni famigiari),-,-,-,-,-,-,-,-,
bfapl,0,1,n/a,0,benefit : family : parental leave,-,-,-,-,-,-,-,-,-,-,
bfapl_s,1,1,n/a,1e-13,benefit : family : parental leave : simulated,-,-,-,-,-,-,-,-,-,-,
bhl,0,1,n/a,0,benefit : health,-,-,-,"sickness benefits (t�pp�nz, t�voll�ti d�j)",-,-,-,-,sickness benefit (prestacion por enfermedad),sickness benefits,
bho,0,1,n/a,0,benefit : housing,-,housing benefits,-,housing benefit,housing benefit,housing benefit,-,-,housing benefit (prestacion por vivienda),housing allowances,
bho_s,1,1,n/a,1e-13,benefit : housing : simulated,-,-,-,-,-,housing benefit,-,-,-,-,
bhoef_s,1,1,n/a,1e-13,benefit : housing : effective : simulated,-,-,-,-,housing benefit: received,-,-,-,-,-,
bhoen_s,1,1,n/a,1e-13,benefit : housing : entitlement : simulated,-,-,-,-,housing benefit: entitlement,-,-,-,-,-,
bma,0,1,n/a,0,benefit : maternity,-,maternity payments (only self emp and lump sum - assegno di maternita'),maternity benefits (total),-,maternity benefit,-,-,-,-,-,
bmaab,0,1,n/a,0,benefit : maternity : abroad,-,-,parental benefit abroad,-,-,-,-,-,-,-,
bmact,0,1,n/a,0,benefit : maternity : contributory,-,-,parental benefit (vanemapalk),maternity allowance (terhess�gi-gyermek�gyi seg�ly),-,maternity payments,-,-,-,-,
bmact_s,1,1,n/a,0.0000000000001,benefit : maternity : contributory : simulated,-,-,-,-,-,-,-,-,-,maternity (paternity) leave benefit (motinyst?s (t?vyst?s) pa�alpa),
bmanc,0,1,n/a,0,benefit : maternity : non-contributory,-,-,-,-,-,parental allowance,-,-,-,-,
bmanc_s,1,1,n/a,1e-13,benefit : maternity : non-contributory : simulated,-,-,-,maternity grant (anyas�gi t�mogat�s),-,parental allowance,-,-,-,-,
bmapr,0,1,n/a,0,benefit : maternity : pregnancy,-,-,maternity benefit (s�nnitush�vitis),-,-,-,-,-,-,-,
bmaprct_s,1,1,n/a,0.0000000000001,benefit : maternity : pregnancy : contributory : simulated,-,-,-,-,-,-,-,-,-,maternity leave benefit (motinyst?s pa�alpa),
bmaprnc_s,1,1,n/a,0.0000000000001,benefit : maternity : pregnancy : non-contributory : simulated,-,-,-,-,-,-,-,-,-,pregnancy grant (vienkartin? i�moka n?�?iai moteriai),
boa,0,1,n/a,0,benefit : old age,-,-,-,-,-,-,-,-,-,-,
bot,0,1,n/a,0,benefit : other,-,-,-,-,other benefits,-,-,-,-,-,
botre,0,1,n/a,0,"benefit : other : regular, periodic",-,-,-,other regular benefits,-,-,-,-,-,-,
bplct_s,1,1,n/a,0.0000000000001,benefit : parental leave : contributory : simulated,-,-,-,-,-,-,-,-,-,paternity leave benefit (t?vyst?s pa�alpa),
bsa,0,1,n/a,0,benefit : social assistance,-,social assistance,-,social assistance,social assistance,social assistance,-,-,social assistance benefits (asistencia social),social assistance benefits,
bsa_s,1,1,n/a,1e-13,benefit : social assistance : simulated,-,-,-,social assistance (szoci�lis seg�lyek),-,social assistance,social assistance,social assistance,-,-,
bsa00,0,1,n/a,0,benefit : social assistance : main/basic,-,-,subsistence benefit (toimetulekutoetus),-,-,-,-,-,-,social benefit (socialin? pa�alpa),
bsa00_s,1,1,n/a,1e-13,benefit : social assistance : main/basic : simulated,-,-,subsistence benefit (toimetulekutoetus),"social assistance, regular benefit (rendszeres szoci�lis seg�ly)",-,-,-,-,-,social benefit (socialin? pa�alpa),
bsacr,0,1,n/a,0,benefit : social assistance : caring,-,-,-,-,-,-,-,-,-,-,
bsaho_s,1,1,n/a,1e-13,benefit : social assistance : housing : simulated,-,-,-,"social assistance, home maintenance support (lak�sfenntart�si t�mogat�s)",-,-,-,-,-,-,
bsals,0,1,n/a,0,benefit : social assistance : lump-sum,-,-,other social assistance,-,-,-,-,-,-,municipal and ngo support (savivaldybiu ir nvo parama),
bsaoa_s,1,1,n/a,1e-13,benefit : social assistance : old age : simulated,social assistance elderly,-,-,-,-,-,-,-,-,-,
bsapm_s,1,1,n/a,1e-13,benefit : social assistance : permanent : simulated,-,-,-,-,social assistance: permanent,-,-,-,-,-,
bsarg_s,1,1,n/a,1e-13,benefit : social assistance : regional government : simulated,-,-,-,-,-,-,-,-,(!) switched off simulated ben regional social assistance (rentas m�nimas de inserci�n de las ccaa),-,
bsatm_s,1,1,n/a,1e-13,benefit : social assistance : temporary : simulated,-,-,-,-,social assistance: temporary,-,-,-,-,-,
bsatmefmu_s,1,1,n/a,1e-13,benefit : social assistance : temporary : effective : municipal government : simulated,-,-,-,-,temporary social assistance assumed to be paid by local government (amount received),-,-,-,-,-,
bsatmefna_s,1,1,n/a,1e-13,benefit : social assistance : temporary : effective : national government : simulated,-,-,-,-,temporary social assistance guaranteed by national government (amount received),-,-,-,-,-,
bsatmen_s,1,1,n/a,1e-13,benefit : social assistance : temporary : entitlement : simulated,-,-,-,-,temporary social assistance entitlement (amount that should be received),-,-,-,-,-,
bsatmpb,0,1,n/a,0,benefit : social assistance : temporary : probability of receiving,-,-,-,-,expected probability to receive temporary social assistance,-,-,-,-,-,
bsu,0,1,n/a,0,benefit : survivors,-,-,-,-,-,-,-,-,-,survivors' benefits,
bun,0,1,n/a,0,benefit : unemployment,-,-,unemployment benefits (total),unemployment benefits (munkan�lk�li ell�t�sok),unemployment benefit,unemployment benefit,-,-,unemployment benefit (prestacion por desempleo),unemployment benefits,
bun_s,1,1,n/a,1e-13,benefit : unemployment : simulated,-,-,-,-,unemployment benefit,-,-,-,-,-,
bunct,0,1,n/a,0,benefit : unemployment : contributory,-,-,unemployment insurance benefit (t��tukindlustush�vitis),-,-,unemployment insurance benefit,-,-,unemployment insurance (prestacion por desempleo contributiva),unemployment insurance benefit (nedarbo draudimo i�moka),
bunct_s,1,1,n/a,1e-13,benefit : unemployment : contributory : simulated,-,-,-,-,-,-,-,-,ben unemployment insurance,unemployment insurance benefit (nedarbo draudimo i�moka),
bunct01,0,1,n/a,0,benefit : unemployment : contributory : 01,-,unemployment benefit (cassa integrazione guadagni),-,-,-,-,-,-,-,-,
bunct02,0,1,n/a,0,benefit : unemployment : contributory : 02,-,unemployment benefit (indennita' di disoccupazione - mobilita'),-,-,-,-,-,-,-,-,
bunctmy,0,0,bunmy,0,benefit : unemployment : contributory : months per year,-,-,-,-,-,-,-,-,no. months receiving unemployment insurance (n. de meses recibiendo prestacion por desempleo),-,
bunctmy_s,1,0,n/a,1e-13,benefit : unemployment : contributory : months per year : simulated,-,-,-,-,-,-,-,-,duration of unemployment insurance,-,
bunmt,0,1,n/a,0,benefit : unemployment : means-tested,-,-,-,-,-,unemployment assistance benefit,-,-,-,-,
bunmy,0,0,n/a,0,benefit : unemployment : months per year,-,ub: no. of months received in the year,-,no. of months in unemp benefit,no. of months in unemp benefit,-,-,-,no. months receiving unemployment benefit (n. de meses recibiendo desempleo),no. months receiving unemployment benefits,
bunmy_s,1,0,n/a,1e-13,benefit : unemployment : months per year : simulated,-,-,-,-,unemployment benefit: months received in the year,-,-,-,-,no. months receiving unemployment benefits,
bunnc,0,1,n/a,0,benefit : unemployment : non-contributory,-,-,unemployment assistance benefit (t��tu abiraha),-,-,-,-,-,unemployment assistance (prestacion por desempleo asistencial),-,
bunnc_s,1,1,n/a,1e-13,benefit : unemployment : non-contributory : simulated,-,-,unemployment assistance benefit (t��tu abiraha),-,-,-,-,-,ben unemployment assistance ,-,
bunncmy,0,0,n/a,0,benefit : unemployment : non-contributory : months per year,-,-,-,-,-,-,-,-,no. months receiving unemployment assistance (n. de meses recibiendo subsidio por desempleo),-,
bunncmy_s,1,0,n/a,1e-13,benefit : unemployment : non-contributory : months per year : simulated,-,-,-,-,-,-,-,-,duration of unemployment assistance,-,
bunst,0,1,n/a,0,benefit : unemployment : short term,-,unemployment benefit s.t. training,-,-,-,-,-,-,-,-,
buntr,0,1,n/a,0,benefit : unemployment : training,-,-,unemployment retraining benefit (t��tu �mber�ppe stipendium),-,-,-,-,-,-,-,
bunny,0,1,n/a,0,benefit : unemployment,-,-,unemployment benefits (total),unemployment benefits (munkan�lk�li ell�t�sok),unemployment benefit,unemployment benefit,-,-,unemployment benefit (prestacion por desempleo),unemployment benefits,
byr,0,0,n/a,0,benefit : early retirement,early retirement benefit,-,-,-,-,-,-,-,-,early retirement benefit,
byr_s,1,1,n/a,1e-13,benefit : early retirement : simulated,early retirement benefit: simulated,-,-,-,-,-,-,-,-,-,
dag,0,0,n/a,0,demographic : age,-,-,age,individual age,individual age,individual age,age,age,age (edad),age,
dct,0,0,n/a,0,demographic : country,-,-,country code,country of residence,country of residence,country of residence,-,-,country code (codigo del pais),country code,
dcu,0,0,n/a,0,demographic : consensual union,consensual union: not married but legally cohabiting,-,-,-,-,-,-,-,-,-,
dcz,0,0,n/a,0,demographic : citizenship,-,citizenship,citizenship,citizenship,citizenship,citizenship,-,-,citizenship (ciudadania),citizenship,
ddi,0,0,n/a,0,demographic : disability,-,disability status (0-1),-,-,-,"disabled (yes, no)",-,-,disability (invalidez),-,
ddilv,0,0,n/a,0,demographic : disability : level (%),-,-,-,disability level in percent (0-100),disability level,-,-,-,-,-,
ddp_s,1,1,n/a,1e-13,demographic : dependant : simulated,dependent person (0=no; 1=yes),-,-,-,-,-,-,-,-,-,
ddt,0,0,n/a,0,demographic : date of interview,-,-,-,date of interview,date of interview,-,-,-,data of interview (fecha de entrevista),-,
dec,0,0,n/a,0,demographic : education - current status,-,-,education - current status,current level of education,current level of education,current level of education,current level of education,current level of education,level of current education (nivel de educacion actual),current level of education,
deh,0,0,n/a,0,demographic : education - highest status,-,-,education - highest status,highest level of education achieved,highest level of education achieved,highest level of education achieved,-,-,level of highest education (nivel de educacion m�s alto ya obtenido),highest level of education achieved,
dew,0,0,n/a,0,demographic : education - when achieved highest status,-,-,-,-,-,-,-,-,year achieved highest education level (a�o de obtenci�n de nivel m�s alto de educacion),-,
dey,0,0,n/a,0,demographic : education - number of years,-,-,-,-,-,-,-,-,number of years in education (numero de a�os en educacion),-,
dgn,0,0,n/a,0,demographic : gender,-,-,gender,gender,gender,gender,gender,gender,gender (genero),gender,
dlg_s,1,0,n/a,1e-13,demographic : large family : simulated,-,-,-,-,-,-,-,-,is large family,-,
dms,0,0,n/a,0,demographic : marital status,-,-,marital status,marital status,marital status,marital status,marital status,marital status,marital status (estado civil),marital status,
dqb,0,0,n/a,0,demographic : quarter of birth,-,-,-,-,-,-,-,-,-,quarter of birth,
drgn1,0,0,n/a,1,demographic : region : nuts level 1,-,nuts 1 (macro aree),region - nuts level 1,"region, nuts1 level","region, nuts1 level","region, nuts1 level",-,-,region nuts 1 (region nuts1),"region, nuts1 level",
drgn2,0,0,n/a,0,demographic : region : nuts level 2,-,nuts 2 (regioni),-,-,nuts 2,-,-,-,region nuts 2 (region nuts2),-,
drgur,0,0,n/a,0,demographic : region : urban,-,-,-,-,-,-,-,-,-,level of urbanisation,
dsu00,0,0,n/a,0,demographic : sample units : main/basic,-,-,-,-,-,-,-,-,order of selection of psu (unidad de muestreo),-,
dsu01,0,0,n/a,0,demographic : sample units : 01,-,-,-,-,-,-,-,-,psu first-stage (unidad de muestreo primera etapa),psu 1st stage,
dsu02,0,0,n/a,0,demographic : sample units : 02,-,-,-,-,-,-,-,-,psu second-stage (unidad de muestreo segunda etapa),psu 2nd stage,
dwt,0,0,n/a,0,demographic : weight,-,-,household weight,weight,weight,weight,household weight,household weight,weight (peso muestral),household weight,
idfather,0,0,n/a,0,identifier : father,id of father if in household otherwise 0,id of father if in household otherwise 0,id of father if in household otherwise 0,id of father if in household otherwise 0,id of father if in household otherwise 0,id of father if in household otherwise 0,id of father if in household otherwise 0,id of father if in household otherwise 0,identification number of father (numero de identificacion del padre),father id,
idhh,0,0,n/a,0,identifier : household,household id,household id,household id,household id,household id,household id,household id,household id,identification number of household (numero de identificacion del hogar),household id,
idmother,0,0,n/a,0,identifier : mother,id of mother if in household otherwise 0,id of mother if in household otherwise 0,id of mother if in household otherwise 0,id of mother if in household otherwise 0,id of mother if in household otherwise 0,id of mother if in household otherwise 0,id of mother if in household otherwise 0,id of mother if in household otherwise 0,identification number of mother (numero de identificacion de la madre),mother id,
idorighh,0,0,n/a,0,identifier : original : household,original household id ,original household id ,original household id ,original household id ,original household id ,original household id ,original household id ,original household id ,original identification number of household (numero de identificacion original del hogar),-,
idorigperson,0,0,n/a,0,identifier : original : person,original person id ,original person id ,original person id ,original person id ,original person id ,original person id ,original person id ,original person id ,original identification number of person (numero de identificacion original de la persona),-,
idparent,0,0,n/a,0,identifier : parent,"id of mother if in household otherwise, father","id of mother if in household otherwise, father","id of mother if in household otherwise, father","id of mother if in household otherwise, father","id of mother if in household otherwise, father","id of mother if in household otherwise, father","id of mother if in household otherwise, father","id of mother if in household otherwise, father",-,-,
idpartner,0,0,n/a,0,identifier : partner,id of partner if married or cohabiting,id of partner if married or cohabiting,id of partner if married or cohabiting,id of partner if married or cohabiting,id of partner if married or cohabiting,id of partner if married or cohabiting,id of partner if married or cohabiting,id of partner if married or cohabiting,identification number of partner (numero de identificacion de la pareja),partner id,
idperson,0,0,n/a,0,identifier : person,unique person id = idhh * 100 + unique number within household,unique person id = idhh * 100 + unique number within household,unique person id = idhh * 100 + unique number within household,unique person id = idhh * 100 + unique number within household,unique person id = idhh * 100 + unique number within household,unique person id = idhh * 100 + unique number within household,unique person id = idhh * 100 + unique number within household,unique person id = idhh * 100 + unique number within household,identification number of person (numero de identificacion de la persona),person id,
kfb,0,1,n/a,0,in kind : fringe benefit,-,-,-,-,-,-,-,-,fringe benefits (retribuciones en especie),fringe benefits,
kivho,0,1,n/a,0,in kind : imputed value : housing,-,-,-,-,-,-,-,-,imputed income of housing (renta imputada de la vivienda),-,
lap,0,0,n/a,0,labour market : apprentice,-,apprentice,-,-,-,-,-,-,-,-,
lap00,0,0,n/a,0,labour market : apprentice : main/basic,-,temporay worker (co.co.co.),-,-,-,-,-,-,-,-,
lbl,0,0,n/a,0,labour market : business licence,-,-,-,-,-,-,-,-,-,business certificate,
lcl,0,0,n/a,0,labour market : collar,-,collar (white - blue),-,-,-,-,-,-,-,-,
lcr,0,0,n/a,0,labour market : carer,-,-,-,-,carer,-,-,-,-,-,
lcs,0,0,n/a,0,labour market : civil servant,-,-,-,-,-,-,-,-,-,-,
les,0,0,n/a,0,labour market : economic status,-,-,economic status,labour economic status,labour economic status,labour economic status,labour economis status,labour economis status,economic status (situacion economica),economic status,
lfs,0,0,n/a,0,labour market : firm size,-,-,-,-,-,-,-,-,firm size (tamano de empresa),-,
lhw,0,0,n/a,0,labour market : hours worked per week,-,-,hours worked per week,hours worked per week,hours worked per week,-,-,-,hours worked per week (horas trabajadas por semana),hours worked per week,
lin,0,0,n/a,0,labour market : industry (nace),-,-,industry,industry,industry,industry,-,-,industry (industria),industry,
lindi,0,0,n/a,0,labour market : industry (nace) : detailed industry,-,-,-,-,-,-,-,-,detailed industry (industria detallada),-,
liwft_s,1,0,n/a,1e-13,labour market : in work : full time worker : simulated,-,-,-,-,-,-,-,-,full-time worker,-,
liwmy,0,0,n/a,0,labour market : in work : months per year,-,months worked per year,-,-,-,-,-,-,number of months worked in the year (n. de meses trabajados en el ano),no. of months worked during the year,
liwmy_s,1,0,n/a,1e-13,labour market : in work : months per year : simulated,-,-,-,-,-,-,-,-,simulated number of months in work,no. of months worked during the year,
liwpwwh,0,0,n/a,0,labour market : in work : previous work : work history (length of time in months),-,-,-,-,-,-,-,-,-,-,
liwwh,0,0,n/a,0,labour market : in work : work history (length of time in months),-,number of months with sics payed,-,-,-,-,-,-,number of months worked (n. de meses trabajados),no. of months worked total,
loc,0,0,n/a,3,labour market : occupation (isco 1-digit),-,-,occupation,occupation,occupation,occupation,-,-,occupation (ocupacion),-,
lowas,0,0,n/a,0,labour market : out of work : actively seeking,-,-,-,-,-,-,-,-,actively looking for work (buscando trabajo),-,
lpb,0,0,n/a,0,labour market : public sector,-,-,-,-,public sector worker?,-,-,-,-,-,
lpemy,0,0,n/a,0,labour market : pensioner : months per year,-,months retired per year,-,-,-,-,-,-,number of months as pensioner in the year (numero de meses como pensionista en el a�o),-,
lpf,0,0,n/a,0,labour market : professional,-,professional,-,-,-,-,-,-,-,-,
lpm,0,0,n/a,0,labour market : pension membership,-,-,funded pension membership (2nd pillar),-,-,-,-,-,-,-,
lse,0,0,n/a,0,labour market : self employed,-,-,self-employed status,-,-,-,-,-,type of self employed: with or w/o employees (tipo de trabajador por cuenta propia: con o sin empleados),-,
lse00,0,0,n/a,0,labour market : self employed : main/basic,-,occupation of self employed,-,-,-,-,-,-,-,-,
lsepf,0,0,n/a,0,labour market : self employed : professional,-,-,-,-,-,"self-employed professional (yes, no)",-,-,-,-,
lunmy,0,0,n/a,0,labour market : unemployed : months per year,-,months unemployed per year,-,-,-,-,-,-,number of months as in unemployemt in the year (numero de meses desempleado en el a�o),no of months in unemployent during the year,
lunmy_s,1,0,n/a,1e-13,labour market : unemployed : months per year : simulated,-,-,-,-,-,-,-,-,simulated number of months in unemployment,no of months in unemployent during the year,
lyrmy,1,0,n/a,0,labour market: early retirement: months per year,,,,,,,,,,the number of months reported under pl080 is taken when the unemployment benefit is classified as early retirement
pdi,0,1,n/a,0,pension : disability,-,-,disability pension (invaliidsuspension),disability benefits (rokkants�gi t�mogat�sok),-,disability pension,-,-,disability benefit (prestacion por invalidez),-,
pdi00,0,1,n/a,0,pension : disability : main/basic,-,-,-,-,disability insurance pension,-,-,-,-,-,
pdinc,0,1,n/a,0,pension : disability : non-contributory,-,invalidity pension - non contributory (assegni di accompagnamento),-,-,-,-,-,-,-,-,
pdinw,0,1,n/a,0,pension : disability : not working,-,-,-,-,social pension,-,-,-,-,-,
pdiss,0,1,n/a,0,pension : disability : social security,-,invalidity pension - contributory (pensione di invalidita'),-,-,-,-,-,-,-,-,
pdiuc,0,1,n/a,0,pension : disability : unconditional/universal,-,-,-,-,nursing allowance,-,-,-,-,-,
pdiuc_s,1,1,n/a,1e-13,pension : disability : unconditional/universal : simulated,-,-,-,-,nursing allowance,-,-,-,-,-,
phl,0,1,n/a,0,pension : health,-,-,-,-,-,-,-,-,-,-,
pls,0,1,n/a,0,pension : lump-sum,-,-,-,-,-,holiday bonus for pensioners,-,-,-,-,
pmy,0,0,n/a,0,pension : months per year,-,pension: no. months received in the year,-,-,-,-,-,-,-,-,
poa,0,1,n/a,0,pension : old age,-,-,-,old age income (�regs�gi/saj�t jog� nyugd�j),-,-,old age pension,old age pension,old-age pension (pension por vejez),-,
poa_s,1,1,n/a,1e-13,pension : old age : simulated,part of pensions included in net own means,-,-,-,-,-,-,-,-,-,
poa00,0,1,n/a,0,pension : old age : main/basic,-,-,old age pension,-,old-age insurance pension,-,-,-,contributory old-age pension (pension por vejez contributiva),-,
poaab,0,1,n/a,0,pension : old age : abroad,-,-,old age pension abroad,-,old-age pension from abroad,-,-,-,-,-,
poacm,0,1,n/a,0,pension : old age : complement,-,-,-,-,nursing supplement,-,-,-,contributory old-age pension complement (complemento por minimo a pension por vejez),-,
poacm_s,1,1,n/a,1e-13,pension : old age : complement : simulated,-,-,-,-,nursing supplement,-,-,-,ben old-age pension complement (complemento de m�nimos por jubilaci�n),-,
poamt,0,1,n/a,0,pension : old age : means-tested,-,social pension (pensione / assegno sociale),-,-,-,-,-,-,-,-,
poamt_s,1,1,n/a,1e-13,pension : old age : means-tested : simulated,-,-,-,"social assistance, old-age allowance (id?skor�ak j�rad�ka)",-,-,-,-,-,-,
poamy,0,0,n/a,0,pension : old age : months per year,-,-,-,-,-,-,-,-,no. months receiving old-age pension (n. de meses recibiendo pension por vejez),-,
poanc,0,1,n/a,0,pension : old age : non-contributory,-,-,-,-,-,old-age assistance,-,-,non contributory old-age pension (pension por vejez no contributiva),-,
poanc_s,1,1,n/a,1e-13,pension : old age : non-contributory : simulated,-,-,-,-,-,-,-,-,ben old-age assistance benefit,-,
poass,0,1,n/a,0,pension : old age : social security,-,old age pension (pensione di vecchiaia o di anzianita'),-,-,-,-,-,-,-,-,
psu,0,1,n/a,0,pension : survivors,-,-,survivors' pension (toitjakaotuspension),survivor benefits (hozz�tartoz�i jogon j�r� nyugd�j),survivor pensions,survivor pensions,-,-,survivor pension (pension por supervivencia),-,
psumy,0,0,n/a,0,pension : survivors : months per year,-,-,-,-,-,-,-,-,no. months receiving survivor pension (n. de meses recibiendo pension por supervivencia),-,
psuor,0,1,n/a,0,pension : survivors : orphan,-,-,-,-,orphan pension,-,-,-,-,-,
psuot,0,1,n/a,0,pension : survivors : other,-,-,-,-,-,-,-,-,other survivor pension (otra pension de supervivencia),-,
psuss,0,1,n/a,0,pension : survivors : social security,-,survivor pension (pensione di reversibilita'),-,-,-,-,-,-,-,-,
psuwd,0,1,n/a,0,pension : survivors : widow,-,-,-,-,widow pension,-,-,-,-,-,
psuwd00,0,1,n/a,0,pension : survivors : widow : main/basic,-,-,-,-,-,-,-,-,contributory widow pension (pension por viudedad contributiva),-,
psuwdcm,0,1,n/a,0,pension : survivors : widow : complement,-,-,-,-,-,-,-,-,contributory widow pension complement (complemento por minimo a pension por viudedad),-,
psuwdcm_s,1,1,n/a,1e-13,pension : survivors : widow : complement : simulated,-,-,-,-,-,-,-,-,ben widow-widower�s pension complement (complemento de m�nimos por viudedad),-,
pyr,0,1,n/a,0,pension : early retirement,-,-,-,-,early retirement pension,-,-,-,-,-,
sel01_s,1,0,n/a,0.0000000000001,system : eligibility : 01 : simulated,-,-,-,-,-,-,-,-,-,eligibility,
sel_s,1,0,n/a,1e-13,system : eligibility : simulated, eligibility , eligibility , eligibility , eligibility , eligibility , eligibility , eligibility , eligibility ,-,-,
sin01_s,1,1,n/a,1e-13,system : intermediate : 01 : simulated,-,-,-,-,-,-,-,-,tsc:type of employee/er social contribution,-,
sin02_s,1,1,n/a,1e-13,system : intermediate : 02 : simulated,-,-,-,-,-,-,-,-,tsc: type of self-employed social contribution,-,
sin03_s,1,1,n/a,1e-13,system : intermediate : 03 : simulated,-,-,-,-,-,-,-,-,bch00: income test limit,-,
sin04_s,1,1,n/a,1e-13,system : intermediate : 04 : simulated,-,-,-,-,-,-,-,-,tinit: personal tax allowance (minimo personal),-,
sin05_s,1,1,n/a,1e-13,system : intermediate : 05 : simulated,-,-,-,-,-,-,-,-,tinit: family tax allowance for children (m�nimo familiar por hijos),-,
sin06_s,1,1,n/a,1e-13,system : intermediate : 06 : simulated,-,-,-,-,-,-,-,-,tinit: family tax allowance for dependent parents (m�nimo familiar por ascendiente) ,-,
sin07_s,1,1,n/a,1e-13,system : intermediate : 07 : simulated,-,-,-,-,-,-,-,-,tinit: employment income tax allowance  (deducci�n por rendimientos del trabajo)  ,-,
sin08_s,1,1,n/a,1e-13,system : intermediate : 08 : simulated,-,-,-,-,-,-,-,-,bunnc: number of eligible family members,-,
sin09_s,1,1,n/a,1e-13,system : intermediate : 09 : simulated,-,-,-,-,-,-,-,-,tinit: mortgage tax credit (deducci�n por inversi�n en vivienda habitual: adquisici�n o rehabilitaci�n de la vivienda habitual) ,-,
sin10_s,1,1,n/a,1e-13,system : intermediate : 10 : simulated,-,-,-,-,-,-,-,-,poanc: income limit,-,
sin11_s,1,1,n/a,1e-13,system : intermediate : 11 : simulated,-,-,-,-,-,-,-,-,tintj: personal tax allowance (minimo personal),-,
sin12_s,1,1,n/a,1e-13,system : intermediate : 12 : simulated,-,-,-,-,-,-,-,-,tintj: family tax allowance for children (m�nimo familiar por hijos),-,
sin13_s,1,1,n/a,1e-13,system : intermediate : 13 : simulated,-,-,-,-,-,-,-,-,tintj: family tax allowance for dependent parents (m�nimo familiar por ascendiente) ,-,
sin14_s,1,1,n/a,1e-13,system : intermediate : 14 : simulated,-,-,-,-,-,-,-,-,tintj: employment income tax allowance  (deducci�n por rendimientos del trabajo)  ,-,
sin15_s,1,1,n/a,1e-13,system : intermediate : 15 : simulated,-,-,-,-,-,-,-,-,bch00: disability as a monetary variable,-,
sin16_s,1,1,n/a,1e-13,system : intermediate : 16 : simulated,-,-,-,-,-,-,-,-,tinjt: mortgage tax credit (deducci�n por inversi�n en vivienda habitual: adquisici�n o rehabilitaci�n de la vivienda habitual) ,-,
sin17_s,1,1,n/a,1e-13,system : intermediate : 17 : simulated,-,-,-,-,-,-,-,-,tintj: eligible for joint taxation,-,
sin18_s,1,1,n/a,1e-13,system : intermediate : 18 : simulated,-,-,-,-,-,-,-,-,bunct: no of days worked in the qualifying period,-,
sin19_s,1,1,n/a,1e-13,system : intermediate : 19 : simulated,-,-,-,-,-,-,-,-,bunct: minimum unemployment insurance amount,-,
sin20_s,1,1,n/a,1e-13,system : intermediate : 20 : simulated,-,-,-,-,-,-,-,-,bunct: maximum unemployment insurance amount,-,
sin21_s,1,1,n/a,1e-13,system : intermediate : 21 : simulated,-,-,-,-,-,-,-,-,poacm: minimum pension,-,
sin22_s,1,1,n/a,1e-13,system : intermediate : 22 : simulated,-,-,-,-,-,-,-,-,psuwdcm: minimum pension,-,
sin23_s,1,1,n/a,1e-13,system : intermediate : 23 : simulated,-,-,-,-,-,-,-,-,bunnc: unemployment spell not covered by unemployment insurance,-,
sin24_s,1,1,n/a,1e-13,system : intermediate : 24 : simulated,-,-,-,-,-,-,-,-,bunct: number of dependent children,-,
sin25_s,1,1,n/a,1e-13,system : intermediate : 25 : simulated,-,-,-,-,-,-,-,-,bunct: amount per month,-,
sin26_s,1,1,n/a,1e-13,system : intermediate : 26 : simulated,-,-,-,-,-,-,-,-,bunnc: number of dependent children,-,
sin27_s,1,1,n/a,1e-13,system : intermediate : 27 : simulated,-,-,-,-,-,-,-,-,tsc: contribution group,-,
sin28_s,1,1,n/a,1e-13,system : intermediate : 28 : simulated,-,-,-,-,-,-,-,-,tinjt: joint tax allowance (deducci�n por declaraci�n conjunta),-,
sin29_s,1,1,n/a,1e-13,system : intermediate : 29 : simulated,-,-,-,-,-,-,-,-,tinit: main residence rent tax credit (deducci�n por alquiler de vivienda habitual),-,
sin30_s,1,1,n/a,1e-13,system : intermediate : 30 : simulated,-,-,-,-,-,-,-,-,tinjt: main residence rent tax credit (deducci�n por alquiler de vivienda habitual),-,
sin31_s,1,1,n/a,1e-13,system : intermediate : 31 : simulated,-,-,-,-,-,-,-,-,-,-,
sin32_s,1,1,n/a,1e-13,system : intermediate : 32 : simulated,-,-,-,-,-,-,-,-,-,-,
sin33_s,1,1,n/a,1e-13,system : intermediate : 33 : simulated,-,-,-,-,-,-,-,-,-,-,
sin34_s,1,1,n/a,1e-13,system : intermediate : 34 : simulated,-,-,-,-,-,-,-,-,-,-,
sin35_s,1,1,n/a,1e-13,system : intermediate : 35 : simulated,-,-,-,-,-,-,-,-,-,-,
sin36_s,1,1,n/a,1e-13,system : intermediate : 36 : simulated,-,-,-,-,-,-,-,-,-,-,
sin37_s,1,1,n/a,1e-13,system : intermediate : 37 : simulated,-,-,-,-,-,-,-,-,-,-,
sin38_s,1,1,n/a,1e-13,system : intermediate : 38 : simulated,-,-,-,-,-,-,-,-,-,-,
sin39_s,1,1,n/a,1e-13,system : intermediate : 39 : simulated,-,-,-,-,-,-,-,-,-,-,
sin40_s,1,1,n/a,1e-13,system : intermediate : 40 : simulated,-,-,-,-,-,-,-,-,-,-,
sin41_s,1,1,n/a,1e-13,system : intermediate : 41 : simulated,-,-,-,-,-,-,-,-,-,-,
sin42_s,1,1,n/a,1e-13,system : intermediate : 42 : simulated,-,-,-,-,-,-,-,-,-,-,
sin43_s,1,1,n/a,1e-13,system : intermediate : 43 : simulated,-,-,-,-,-,-,-,-,-,-,
sin44_s,1,1,n/a,1e-13,system : intermediate : 44 : simulated,-,-,-,-,-,-,-,-,-,-,
sin45_s,1,1,n/a,1e-13,system : intermediate : 45 : simulated,-,-,-,-,-,-,-,-,-,-,
sin46_s,1,1,n/a,1e-13,system : intermediate : 46 : simulated,-,-,-,-,-,-,-,-,-,-,
sin47_s,1,1,n/a,1e-13,system : intermediate : 47 : simulated,-,-,-,-,-,-,-,-,-,-,
sin48_s,1,1,n/a,1e-13,system : intermediate : 48 : simulated,-,-,-,-,-,-,-,-,-,-,
sin49_s,1,1,n/a,1e-13,system : intermediate : 49 : simulated,-,-,-,-,-,-,-,-,-,-,
sin50_s,1,1,n/a,1e-13,system : intermediate : 50 : simulated,-,-,-,-,-,-,-,-,-,-,
snc_s,1,0,n/a,1e-13,system : # children : simulated,-,-,-,-,-,-,-,-,-,no. of children,
sncnd_s,1,0,n/a,1e-13,system : # children : # disabled : simulated,-,-,-,-,-,-,-,-,-,-,
snd_s,1,0,n/a,1e-13,system : # disabled : simulated,-,-,-,-,-,-,-,-,-,-,
srr_s,1,0,n/a,0.0000000000001,system : replacement rate : simulated,-,-,-,-,-,-,-,-,-,replacement rate (for maternity benefit),
stm01,0,0,n/a,0,system : temporary variable : 01,-,-,-,-,-,-,-,-,-,-,
stm01_s,1,1,n/a,1e-13,system : temporary variable : 01 : simulated,-,-,-,-,-,-,-,-,-,-,
stm02_s,1,1,n/a,1e-13,system : temporary variable : 02 : simulated,-,-,-,-,-,-,-,-,-,-,
stm03_s,1,1,n/a,1e-13,system : temporary variable : 03 : simulated,-,-,-,-,-,-,-,-,-,-,
stm04_s,1,1,n/a,1e-13,system : temporary variable : 04 : simulated,-,-,-,-,-,-,-,-,-,-,
stm05_s,1,1,n/a,1e-13,system : temporary variable : 05 : simulated,-,-,-,-,-,-,-,-,-,-,
stm06_s,1,1,n/a,1e-13,system : temporary variable : 06 : simulated,-,-,-,-,-,-,-,-,-,-,
stm07_s,1,1,n/a,1e-13,system : temporary variable : 07 : simulated,-,-,-,-,-,-,-,-,-,-,
stm08_s,1,1,n/a,1e-13,system : temporary variable : 08 : simulated,-,-,-,-,-,-,-,-,-,-,
stm09_s,1,1,n/a,1e-13,system : temporary variable : 09 : simulated,-,-,-,-,-,-,-,-,-,-,
stm10_s,1,1,n/a,1e-13,system : temporary variable : 10 : simulated,-,-,-,-,-,-,-,-,-,-,
stm11_s,1,1,n/a,1e-13,system : temporary variable : 11 : simulated,-,-,-,-,-,-,-,-,-,-,
stm12_s,1,1,n/a,1e-13,system : temporary variable : 12 : simulated,-,-,-,-,-,-,-,-,-,-,
tad,0,1,n/a,0,tax : repayments/receipts,-,-,-,-,-,-,-,-,tax repayment or receipt (cuota diferencial del irpf),-,
tag_s,1,1,n/a,1e-13,tax : agriculture : simulated,-,-,-,-,agricultural tax,-,-,-,-,-,
tbs_s,1,1,n/a,1e-13,tax : business tax : simulated,-,-,-,simplified business tax (egyszer?s�tett v�llalkoz�i ad�),-,-,-,-,-,-,
thl_s,1,1,n/a,1e-13,tax : health : simulated,-,-,-,-,-,-,-,-,-,-,
thlmm_s,1,1,n/a,1e-13,tax : health : minimum : simulated,-,-,-,-,-,-,-,-,-,-,
thlmx_s,1,1,n/a,1e-13,tax : health : maximum : simulated,-,-,-,-,-,-,-,-,-,-,
tin,0,1,n/a,0,tax : income tax,-,-,-,-,income tax,income tax,-,-,income tax (irpf),-,
tin_s,1,1,n/a,1e-13,tax : income tax : simulated,-,income tax (irpef),income tax (tulumaks),personal income tax (szem�lyi j�vedelemad�),-,personal income tax,personal income tax,personal income tax,final income tax liability,personal income tax (asmens pajam? mokestis),
tingt_s,1,1,n/a,1e-13,tax : income tax : gross tax : simulated,-,-,-,-,-,-,-,-,final income tax liability,-,
tingtit_s,1,1,n/a,1e-13,tax : income tax : gross tax : individual taxation : simulated,-,-,-,-,-,-,-,-,"gross income tax, individual taxation",-,
tingtjt_s,1,1,n/a,1e-13,tax : income tax : gross tax : joint taxation : simulated,-,-,-,-,-,-,-,-,"gross income tax, joint taxation",-,
tinit_s,1,1,n/a,1e-13,tax : income tax : individual taxation : simulated,-,-,-,-,-,-,-,-,"final income tax, individual taxation",-,
tiniy_s,1,1,n/a,1e-13,tax : income tax : investment income : simulated,-,-,-,tax on income raised by right of dividends,-,-,-,-,tax: income tax on savings,-,
tinjt_s,1,1,n/a,1e-13,tax : income tax : joint taxation : simulated,-,-,-,-,-,-,-,-,"income tax liability, joint taxation (cuota liquida)",-,
tinkt_s,1,1,n/a,1e-13,tax : income tax : capital taxation : simulated,tax on investment income,-,-,-,-,-,-,-,-,-,
tinktbd_s,1,1,n/a,1e-13,tax : income tax : capital taxation : bonds : simulated,-,tax on other bonds,-,-,-,-,-,-,-,-,
tinktcp_s,1,1,n/a,1e-13,tax : income tax : capital taxation : complementary pension : simulated,-,tax on private pensions,-,-,-,-,-,-,-,-,
tinktdt_s,1,1,n/a,1e-13,tax : income tax : capital taxation : deposit interests : simulated,-,tax on deposits,-,-,-,-,-,-,-,-,
tinktdv_s,1,1,n/a,1e-13,tax : income tax : capital taxation : dividends : simulated,-,tax on dividends,-,-,-,-,-,-,-,-,
tinktgb_s,1,1,n/a,1e-13,tax : income tax : capital taxation : government bonds : simulated,-,tax on government bonds,-,-,-,-,-,-,-,-,
tinmu_s,1,1,n/a,1e-13,tax : income tax : municipal government : simulated,municipal tax,-,-,-,-,-,-,-,-,-,
tinna,0,1,n/a,0,tax : income tax : national government,-,-,-,-,-,-,-,-,-,-,
tinna_s,1,1,n/a,1e-13,tax : income tax : national government : simulated,national income tax,national income tax,-,-,-,-,-,-,-,-,
tinpx_s,1,1,n/a,1e-13,tax : income tax : proportional amount : simulated,-,-,-,-,-,-,-,-,-,-,
tinrf_s,1,1,n/a,1e-13,tax : income tax : refund : simulated,-,-,-,-,-,-,-,-,-,-,
tinrg_s,1,1,n/a,1e-13,tax : income tax : regional government : simulated,-,regional income tax,-,-,-,-,-,-,-,-,
tinta_s,1,1,n/a,1e-13,tax : income tax : tax allowance : simulated,-,-,-,-,-,total tax allowances,-,-,-,total tax allowance,
tinta00_s,1,1,n/a,1e-13,tax : income tax : tax allowance : main/basic : simulated,-,personal tax allowance,-,-,-,-,-,-, personal tax allowance (minimo personal),-,
tintaag_s,1,1,n/a,1e-13,tax : income tax : tax allowance : agriculture : simulated,-,-,tax allowance on income from agriculture,-,-,-,-,-,-,-,
tintacd_s,1,1,n/a,1e-13,tax : income tax : tax allowance : charitable donations : simulated,-,-,-,-,-,-,-,-,-,-,
tintace_s,1,1,n/a,1e-13,tax : income tax : tax allowance : cost of earnings : simulated,-,-,-,-,-,-,-,-,-,-,
tintach_s,1,1,n/a,1e-13,tax : income tax : tax allowance : child : simulated,-,-,-,-,-,-,-,-, family tax allowance for children (m�nimo familiar por hijos),-,
tintadb_s,1,1,n/a,1e-13,tax : income tax : tax allowance : disabled : simulated,-,-,-,-,-,-,-,-,-,-,
tintadp_s,1,1,n/a,1e-13,tax : income tax : tax allowance : dependent parent : simulated,-,-,-,-,-,-,-,-, family tax allowance for dependent parents (m�nimo familiar por ascendiente) ,-,
tintadt_s,1,1,n/a,1e-13,tax : income tax : tax allowance : deposit interests : simulated,tax allowance on interest from savings account,-,-,-,-,-,-,-,-,-,
tintadx_s,1,1,n/a,1e-13,tax : income tax : tax allowance : disability expenses : simulated,-,-,-,-,-,-,-,-,-,-,
tintaee_s,1,1,n/a,1e-13,tax : income tax : tax allowance : employee : simulated,-,-,-,-,-,-,-,-," employment income tax allowance  (reducciones por circunstancias laborales, por rendimientos del trabajo)  ",-,
tintahm_s,1,1,n/a,1e-13,tax : income tax : tax allowance : home owner : simulated,tax allowance for imputed rent (cadastral income),-,-,-,-,-,-,-,-,-,
tintaie_s,1,1,n/a,1e-13,tax : income tax : tax allowance : internet expenses : simulated,-,-,-,-,-,-,-,-,-,-,
tintalf_s,1,1,n/a,1e-13,tax : income tax : tax allowance : life insurance : simulated,-,-,-,-,-,-,-,-,-,-,
tintami_s,1,1,n/a,1e-13,tax : income tax : tax allowance : mortgage interest : simulated,-,-,-,-,-,-,-,-,-,-,
tintaox,0,1,n/a,0,tax : income tax : tax allowance : other expenses,-,-,-,-,-,deductible selected expenses,-,-,-,-,
tintaox_s,1,1,n/a,1e-13,tax : income tax : tax allowance : other expenses : simulated,-,deductible amount - other expenses (altri oneri deducibili),-,-,-,-,-,-,-,-,
tintapv_s,1,1,n/a,1e-13,tax : income tax : tax allowance : private contributions : simulated,-,deductible amount of private pension contributions,-,-,-,-,-,-,-,-,
tintasp_s,1,1,n/a,1e-13,tax : income tax : tax allowance : spouse : simulated,income transfer between spouses,-,-,-,-,-,-,-,-,-,
tintast_s,1,1,n/a,1e-13,tax : income tax : tax allowance : student : simulated,-,-,-,-,-,-,-,-,-,-,
tintatb_s,1,1,n/a,1e-13,tax : income tax : tax allowance : tax base : simulated,tax base to calculate income tax credit on basic allowance,-,-,-,-,-,-,-,-,-,
tintatc_s,1,1,n/a,1e-13,tax : income tax : tax allowance : tax credit : simulated,tax credits resulting from basic allowance,-,-,-,-,-,-,-,-,-,
tintauf_s,1,1,n/a,1e-13,tax : income tax : tax allowance : labour union fee : simulated,-,-,-,-,-,-,-,-,-,-,
tintawh_s,1,1,n/a,1e-13,tax : income tax : tax allowance : withholding : simulated,-,-,withholding income tax allowance,-,-,-,-,-,-,total withholding tax allowance,
tintb_s,1,1,n/a,1e-13,tax : income tax : tax base : simulated,-,-,-,-,-,-,-,-,tax base,-,
tintbit_s,1,1,n/a,1e-13,tax : income tax : tax base : individual taxation : simulated,-,-,-,-,-,-,-,-,tax base: individual taxation,-,
tintbjt_s,1,1,n/a,1e-13,tax : income tax : tax base : joint taxation : simulated,-,-,-,-,-,-,-,-,tax base: joint taxation,-,
tintbrt_s,1,1,n/a,1e-13,tax : income tax : tax base : rent : simulated,-,taxable rental income,-,-,-,-,-,-,-,-,
tintc_s,1,1,n/a,1e-13,tax : income tax : tax credit : simulated,-,personal tax credit for income source,-,sum of all taxcredits,-,total tax credits,-,-,-,tax deduction due to expenses,
tintc00_s,1,1,n/a,1e-13,tax : income tax : tax credit : main/basic : simulated,-,-,-,-,-,-,-,-,-,-,
tintc01_s,1,1,n/a,1e-13,tax : income tax : tax credit : 01 : simulated,-,tax credit for building and refurbishing costs,-,-,-,-,-,-,-,-,
tintcbarg_s,1,1,n/a,1e-13,tax : income tax : tax credit : birth/adoption : regional government : simulated,-,-,-,-,-,-,-,-,regional birth tax credit,-,
tintcch_s,1,1,n/a,1e-13,tax : income tax : tax credit : child : simulated,-,tax credit for dependent children,-,-,-,-,-,-,-,-,
tintcdb_s,1,1,n/a,1e-13,tax : income tax : tax credit : disabled : simulated,-,-,-,-,-,-,-,-,-,-,
tintcdbrg_s,1,1,n/a,1e-13,tax : income tax : tax credit : disabled : regional government : simulated,-,-,-,-,-,-,-,-,regional disability tax credit,-,
tintcdp_s,1,1,n/a,1e-13,tax : income tax : tax credit : dependent parent : simulated,-,tax credit for dependent parent(s),-,-,-,-,-,-,-,-,
tintcee_s,1,1,n/a,1e-13,tax : income tax : tax credit : employee : simulated,-,personal tax credit for employment income,-,-,-,-,-,-,-,-,
tintchl_s,1,1,n/a,1e-13,tax : income tax : tax credit : health : simulated,-,-,-,-,-,-,-,-,-,-,
tintcit_s,1,1,n/a,1e-13,tax : income tax : tax credit : individual taxation : simulated,-,-,-,-,-,-,-,-,"income tax credit, individual taxation",-,
tintcjt_s,1,1,n/a,1e-13,tax : income tax : tax credit : joint taxation : simulated,-,-,-,-,-,-,-,-,"income tax credit, joint taxation",-,
tintclp_s,1,1,n/a,1e-13,tax : income tax : tax credit : lone parent : simulated,-,tax credit for lone parent (additional component),-,-,-,-,-,-,-,-,
tintcly_s,1,1,n/a,1e-13,tax : income tax : tax credit : low pay/income : simulated,tax credit for low activity income,-,-,-,-,-,-,-,-,-,
tintcmg_s,1,1,n/a,1e-13,tax : income tax : tax credit : mortgage : simulated,-,-,-,-,-,-,-,-,mortgage tax credit (deducci�n por inversi�n en vivienda habitual: adquisici�n o rehabilitaci�n de la vivienda habitual),-,
tintcmi_s,1,1,n/a,1e-13,tax : income tax : tax credit : mortgage interest : simulated,-,tax credit for mortgage interest payment,-,-,-,-,-,-,-,-,
tintcoarg_s,1,1,n/a,1e-13,tax : income tax : tax credit : old age : regional government : simulated,-,-,-,-,-,-,-,-,regional old-age tax credit,-,
tintcot_s,1,1,n/a,1e-13,tax : income tax : tax credit : other : simulated,-,-,-,-,-,-,-,-,tinit: 400 euro annual tax credit (deducci�n de 400 euros anuales),-,
tintcox_s,1,1,n/a,1e-13,tax : income tax : tax credit : other expenses : simulated,-,tax credit for other expenses,-,-,-,-,-,-,-,-,
tintcpe_s,1,1,n/a,1e-13,tax : income tax : tax credit : pensioner : simulated,-,personal tax credit for pension income,-,-,-,-,-,-,-,-,
tintcrg_s,1,1,n/a,1e-13,tax : income tax : tax credit : regional government : simulated,regional tax credit,-,-,-,-,-,-,-,-,-,
tintcri_s,1,1,n/a,1e-13,tax : income tax : tax credit : replacement income : simulated,tax credit for replacement income,-,-,-,-,-,-,-,-,-,
tintcrt_s,1,1,n/a,1e-13,tax : income tax : tax credit : rent : simulated,-,-,-,-,-,-,-,-,main residence rent tax credit (deducci�n por alquiler de vivienda habitual),-,
tintcrt_s,1,1,n/a,1e-13,tax : income tax : tax credit : rent : simulated,-,-,-,-,-,-,-,-,main residence rent tax credit (deducci�n por alquiler de vivienda habitual),-,
tintcse_s,1,1,n/a,1e-13,tax : income tax : tax credit : self-employed : simulated,-,personal tax credit for self-employment income,-,-,-,-,-,-,-,-,
tintcsp_s,1,1,n/a,1e-13,tax : income tax : tax credit : spouse : simulated,-,tax credit for dependent spouse,-,-,-,-,-,-,-,-,
tintcst_s,1,1,n/a,1e-13,tax : income tax : tax credit : student : simulated,-,-,-,-,-,-,-,-,-,-,
tintp_s,1,0,n/a,1e-13,tax : income tax : type : simulated,-,-,-,-,"income tax, type of taxation (ind or joint)",-,-,-,-,-,
tintrch_s,1,1,n/a,1e-13,tax : income tax : refund tax credit : child : simulated,-,-,-,-,-,-,-,-,tax working mother tax credit,-,
tints_s,1,1,n/a,1e-13,tax : income tax : schedule : simulated,-,-,-,-,-,-,-,-,-,-,
tintsit_s,1,1,n/a,1e-13,tax : income tax : schedule : individual taxation : simulated,-,-,-,-,-,-,-,-,-,-,
tintsjt_s,1,1,n/a,1e-13,tax : income tax : schedule : joint taxation : simulated,-,-,-,-,-,-,-,-,-,-,
tintsna_s,1,1,n/a,1e-13,tax : income tax : schedule : national government : simulated,-,national income tax schedule ,-,-,-,-,-,-,-,-,
tinty_s,1,1,n/a,1e-13,tax : income tax : taxable income : simulated,-,-,-,-,-,-,-,-,taxable income,-,
tintyjt_s,1,1,n/a,1e-13,tax : income tax : taxable income : joint taxation : simulated,-,-,-,-,-,-,-,-,-,-,
tinwh_s,1,1,n/a,1e-13,tax : income tax : withholding : simulated,-,-,withholding income tax (kinnipeetud tulumaks),-,-,-,-,-,-,withholding income tax,
tinwhtace_s,1,1,n/a,1e-13,tax : income tax : withholding : tax allowance : cost of earnings : simulated,cost of earnings deduction withholding tax,-,-,-,-,-,-,-,-,-,
tinwhtasp_s,1,1,n/a,1e-13,tax : income tax : withholding : tax allowance : spouse : simulated,income transfer between spouses in case of withholding tax,-,-,-,-,-,-,-,-,-,
tinwhtb_s,1,1,n/a,1e-13,tax : income tax : withholding : tax base : simulated,tax base for withholding tax,-,-,-,-,-,-,-,-,-,
tinwhtc_s,1,1,n/a,1e-13,tax : income tax : withholding : tax credit : simulated,withholding tax: tax credit,-,-,-,-,-,-,-,-,-,
tinwhts_s,1,1,n/a,1e-13,tax : income tax : withholding : schedule : simulated,base amount withholding tax,-,-,-,-,-,-,-,-,-,
tis,0,1,n/a,0,tax : income tax and sics,-,-,-,-,-,-,-,-,income tax plus contributions (irpf mas cotizaciones),-,
tkt_s,1,1,n/a,1e-13,tax : capital taxation : simulated,-,-,-,-,-,-,-,-,-,-,
tpa_s,1,1,n/a,1e-13,tax : payroll tax : simulated,-,-,-,-,-,payroll tax,-,-,-,-,
tpceepi_s,1,1,n/a,1e-13,tax : comp prvt ctrb : employee : pension insurance : simulated,-,-,employee funded pension contribution,-,-,-,-,-,-,-,
tpcerpi_s,1,1,n/a,1e-13,tax : comp prvt ctrb : employer : pension insurance : simulated,-,-,employer funded pension contribution,-,-,-,-,-,-,-,
tpcsepi_s,1,1,n/a,1e-13,tax : comp prvt ctrb : self-employed : pension insurance : simulated,-,-,self-employed funded pension contribution,-,-,-,-,-,-,-,
tpr,0,1,n/a,0,tax : property tax,-,local property tax (ici),-,-,-,-,-,-,property tax (impuesto de propiedades),property/wealth taxes,
tscdb_s,1,1,n/a,1e-13,tax : sic : disabled : simulated,sic disability benefits,-,-,-,-,-,-,-,-,-,
tscee,0,1,n/a,0,tax : sic : employee,-,-,-,-,-,employee social contribution,-,-,employee social contribution (cotizacion social del empleado),-,
tscee_s,1,1,n/a,1e-13,tax : sic : employee : simulated,-,employee sic (total),employee sic (total),employee social insurance contributions (total),-,-,employee sics,employee sics,employee contributions,-,
tsceedi_s,1,1,n/a,1e-13,tax : sic : employee : disability insurance : simulated,-,-,-,-,-,-,-,-,-,-,
tsceehl_s,1,1,n/a,1e-13,tax : sic : employee : health : simulated,-,-,-,-,-,-,-,-,-,-,
tsceeml_s,1,1,n/a,1e-13,tax : sic : employee : maternity leave insurance : simulated,-,-,-,-,-,-,-,-,-,-,
tsceemy_s,1,0,n/a,1e-13,tax : sic : employee : months per year : simulated,-,-,-,-,-,-,-,-,number of employee contributions per year,-,
tsceeot_s,1,1,n/a,1e-13,tax : sic : employee : other : simulated,-,-,-,-,-,-,-,-,employee contribution: other,-,
tsceepi_s,1,1,n/a,1e-13,tax : sic : employee : pension insurance : simulated,-,-,-,-,-,-,-,-,employee contribution: pensions,employee sic: pension,
tsceerd_s,1,1,n/a,1e-13,tax : sic : employee : reduction : simulated,employee sic reduction (workbonus),-,-,-,-,-,-,-,-,-,
tsceesi_s,1,1,n/a,1e-13,tax : sic : employee : sickness : simulated,-,-,-,-,-,-,-,-,-,employee sic: sickness & maternity,
tsceesp_s,1,1,n/a,1e-13,tax : sic : employee : spouse : simulated,special/complementary sic contribution,-,-,-,-,-,-,-,-,-,
tsceetp_s,1,1,n/a,1e-13,tax : sic : employee : type : simulated,-,-,-,-,-,-,-,-,-,-,
tsceeui_s,1,1,n/a,1e-13,tax : sic : employee : unemployment insurance : simulated,-,-,-,-,-,-,-,-,employee contribution: unemployment,-,
tscer,0,1,n/a,0,tax : sic : employer,-,-,-,-,-,employer social contribution,-,-,employer social contribution (cotizacion social del empleador),-,
tscer_s,1,1,n/a,1e-13,tax : sic : employer : simulated,-,employer sic (total),employer sic (total),employer social insurance contributions (total),-,-,employer sics,employer sics,employer contributions,-,
tscerac_s,1,1,n/a,1e-13,tax : sic : employer : accident : simulated,-,-,-,-,-,-,-,-,-,employer sic: empl. injuries etc,
tscerdc_s,1,1,n/a,1e-13,tax : sic : employer : daycare : simulated,employer sic daycare,-,-,-,-,-,-,-,-,-,
tscerdi_s,1,1,n/a,1e-13,tax : sic : employer : disability insurance : simulated,-,-,-,-,-,-,-,-,-,-,
tscered_s,1,1,n/a,1e-13,tax : sic : employer : educational leave : simulated,employer sic educational leave,-,-,-,-,-,-,-,-,-,
tscerei_s,1,1,n/a,1e-13,tax : sic : employer : employer insolvency : simulated,employer sic company closing fund,-,-,-,-,-,-,-,-,-,
tscerfa_s,1,1,n/a,1e-13,tax : sic : employer : family : simulated,employer sic contribution family allowances,-,-,-,-,-,-,-,-,-,
tscerhe_s,1,1,n/a,1e-13,tax : sic : employer : holiday earnings : simulated,employer sic holiday earnings,-,-,-,-,-,-,-,-,-,
tscerhl_s,1,1,n/a,1e-13,tax : sic : employer : health : simulated,-,-,-,-,-,-,-,-,-,employer sic: health,
tscerir_s,1,1,n/a,1e-13,tax : sic : employer : integration/(re)employment : simulated,employer sic integration/(re)employment vulnerable groups,-,-,-,-,-,-,-,-,-,
tscerml_s,1,1,n/a,1e-13,tax : sic : employer : maternity leave insurance : simulated,-,-,-,-,-,-,-,-,-,-,
tscerot_s,1,1,n/a,1e-13,tax : sic : employer : other : simulated,-,-,-,-,-,-,-,-,employer contribution: other,-,
tscerpi_s,1,1,n/a,1e-13,tax : sic : employer : pension insurance : simulated,-,-,-,-,-,-,-,-,employer contribution: pensions,employer sic: pension,
tscerrd_s,1,1,n/a,1e-13,tax : sic : employer : reduction : simulated,reduction employer's sic,-,-,-,-,-,-,-,-,-,
tscersf_s,1,1,n/a,1e-13,tax : sic : employer : salary protection fund : simulated,employer sic wage moderation,-,-,-,-,-,-,-,-,employer sic: guarantee fund,
tscersi_s,1,1,n/a,1e-13,tax : sic : employer : sickness : simulated,-,-,-,-,-,-,-,-,-,employer sic: sickness & maternity,
tscertp_s,1,1,n/a,1e-13,tax : sic : employer : type : simulated,-,-,-,-,-,-,-,-,-,-,
tscerui_s,1,1,n/a,1e-13,tax : sic : employer : unemployment insurance : simulated,-,-,-,-,-,-,-,-,employer contribution: unemployment,employer sic: unemployment,
tscfr_s,1,1,n/a,1e-13,tax : sic : farmer : simulated,-,-,-,-,farmer social insurance contribution,-,-,-,-,-,
tschlgv_s,1,1,n/a,1e-13,tax : sic : health : state/government : simulated,-,-,-,-,-,-,-,-,-,-,
tscmaee_s,1,1,n/a,1e-13,tax : sic : on maternity leave : employee : simulated,-,-,-,-,"sic on maternity leave, employee ",-,-,-,-,-,
tscmaeedi_s,1,1,n/a,1e-13,tax : sic : on maternity leave : employee : disability insurance : simulated,-,-,-,-,"sic on maternity leave, employee disability contribution",-,-,-,-,-,
tscmaeepi_s,1,1,n/a,1e-13,tax : sic : on maternity leave : employee : pension insurance : simulated,-,-,-,-,"sic on maternity leave, employee retirement contribution",-,-,-,-,-,
tscmaer_s,1,1,n/a,1e-13,tax : sic : on maternity leave : employer : simulated,-,-,-,-,"sic on maternity leave, employer ",-,-,-,-,-,
tscmaerdi_s,1,1,n/a,1e-13,tax : sic : on maternity leave : employer : disability insurance : simulated,-,-,-,-,"sic on maternity leave, employer disability contribution",-,-,-,-,-,
tscmaerpi_s,1,1,n/a,1e-13,tax : sic : on maternity leave : employer : pension insurance : simulated,-,-,-,-,"sic on maternity leave, employer retirement contribution",-,-,-,-,-,
tscpe_s,1,1,n/a,1e-13,tax : sic : pensioner : simulated,sic pensioners,-,-,-,-,-,-,-,-,-,
tscse,0,1,n/a,0,tax : sic : self-employed,-,-,-,-,-,-,social contribution on self employment income,social contribution on self employment income,self-employed social contribution (cotizacion social del trabajador autonomo),-,
tscse_s,1,1,n/a,1e-13,tax : sic : self-employed : simulated,-,self-employed sic (total),self-employed sic (total),self-employed social insurance contributions (total),-,-,self-employed sics,self-employed sics,self employed contributions,-,
tscsedi_s,1,1,n/a,1e-13,tax : sic : self-employed : disability insurance : simulated,-,-,-,-,-,-,-,-,self employed contribution: disability,-,
tscsehl_s,1,1,n/a,1e-13,tax : sic : self-employed : health : simulated,-,-,-,-,-,-,-,-,self employed contribution: accidents and sickness,self-employed sic: health (privalomojo sveikatos draudimo ?mokos),
tscseml_s,1,1,n/a,1e-13,tax : sic : self-employed : maternity leave insurance : simulated,-,-,-,-,-,-,-,-,-,-,
tscsemy_s,1,0,n/a,1e-13,tax : sic : self-employed : months per year : simulated,-,-,-,-,-,-,-,-,number of employee contributions per year,-,
tscsepi_s,1,1,n/a,1e-13,tax : sic : self-employed : pension insurance : simulated,-,-,-,-,-,-,-,-,self employed contribution: pensions,self-employed sic: pension (socialinio draudimo ?mokos),
tscsesi_s,1,1,n/a,1e-13,tax : sic : self-employed : sickness : simulated,-,-,-,-,-,-,-,-,-,-,
tscseui_s,1,1,n/a,1e-13,tax : sic : self-employed : unemployment insurance : simulated,-,-,-,-,-,-,-,-,-,-,
tsctbee_s,1,1,n/a,1e-13,tax : sic : tax base : employee : simulated,-,-,-,-,-,-,-,-,employee contribution base,-,
tsctbse_s,1,1,n/a,1e-13,tax : sic : tax base : self-employed : simulated,-,-,-,-,-,-,-,-,self employed contribution base,-,
tsctbun_s,1,1,n/a,1e-13,tax : sic : tax base : unemployed : simulated,-,-,-,-,-,-,-,-,unemployed contribution base,-,
tscun_s,1,1,n/a,1e-13,tax : sic : unemployed : simulated,-,-,-,-,-,-,-,-,-,-,
tscundi_s,1,1,n/a,1e-13,tax : sic : unemployed : disability insurance : simulated,-,-,-,-,-,-,-,-,-,-,
tscunee_s,1,1,n/a,1e-13,tax : sic : unemployed : employee : simulated,-,-,-,-,-,-,-,-,unemployed contribution paid by unemployed,-,
tscuner_s,1,1,n/a,1e-13,tax : sic : unemployed : employer : simulated,-,-,-,-,-,-,-,-,unemployed contribution paid by social security,-,
tscunpi_s,1,1,n/a,1e-13,tax : sic : unemployed : pension insurance : simulated,-,-,-,-,-,-,-,-,-,-,
tscwheesp_s,1,1,n/a,1e-13,tax : sic : withholding : employee : spouse : simulated,special sic contribution: monthly,-,-,-,-,-,-,-,-,-,
tsetp,0,0,n/a,0,tax : self-employed : type,-,-,-,"type of self-employment regarding taxation: (1) joint business and entrepreneurs, (2) eva payers",-,-,-,-,-,-,
ttferpi_s,1,1,n/a,1e-13,tax : transfer : employer : pension insurance : simulated,-,-,employer pension sic transfer,-,-,-,-,-,-,-,
ttfsepi_s,1,1,n/a,1e-13,tax : transfer : self-employed : pension insurance : simulated,-,-,self-employed pension sic transfer,-,-,-,-,-,-,-,
twl,0,1,n/a,0,tax : wealth,-,-,-,-,-,-,-,-,wealth tax (impuesto a la riqueza),-,
xcc,0,1,n/a,0,expenditure : child care,-,-,-,-,child care expenses,-,-,-,-,-,
xcd,0,1,n/a,0,expenditure : charitable donations,-,-,-,-,donation expenses,-,-,-,-,-,
xcmie,0,1,n/a,0,expenditure : communication : internet,-,-,-,-,internet expenses,-,-,-,-,-,
xed,0,1,n/a,0,expenditure : education,-,-,education expenditure,-,-,-,-,-,-,-,
xhc,0,1,n/a,0,expenditure : housing cost,-,-,housing expenditure,acknowledged costs of home maintenance,-,-,-,-,other housing costs (otros costes de la vivienda),-,
xhc00,0,1,n/a,0,expenditure : housing cost : main/basic,-,-,-,-,main housing costs,-,-,-,-,-,
xhchm,0,1,n/a,0,expenditure : housing cost : house maintenance,-,refurbishment cost,-,-,house maintenance,-,-,-,-,-,
xhcmo,0,1,n/a,0,expenditure : housing cost : mortgage payment (interest+capital),-,-,housing mortgage payment (interest only!),-,mortgage expenses,-,-,-,-,-,
xhcmomc,0,1,n/a,0,expenditure : housing cost : mortgage payment (interest+capital) : mortgage capital,-,-,-,-,mortgage capital,-,-,-,-,-,
xhcmomi,0,1,n/a,0,expenditure : housing cost : mortgage payment (interest+capital) : mortgage interest,-,mortgage interest payment,-,mortgage expenses-interests,mortgage expenses-interests,-,-,-,mortgage interests (pago de intereses por hipoteca),mortgage interests payments,
xhcot,0,1,n/a,0,expenditure : housing cost : other,-,-,-,-,other housing costs,-,-,-,-,-,
xhcrt,0,1,n/a,0,expenditure : housing cost : rent,housing costs: rent,rent,-,-,-,-,-,-,rent payment (pago por alquiler),-,
xhcsc,0,1,n/a,0,expenditure : housing cost : service charges,-,compulsory service charges,-,-,service charges,-,-,-,-,-,
xhcscel,0,1,n/a,0,expenditure : housing cost : service charges : electricity,-,-,-,-,house service charges - electricity,-,-,-,-,-,
xhcscht,0,1,n/a,0,expenditure : housing cost : service charges : heating,-,-,-,-,house service charges - heating,-,-,-,-,-,
xhcscrf,0,1,n/a,0,expenditure : housing cost : service charges : refuse,-,-,-,-,house service charges - refuse,-,-,-,-,-,
xhcscwt,0,1,n/a,0,expenditure : housing cost : service charges : water,-,-,-,-,house service charges - water,-,-,-,-,-,
xishl,0,1,n/a,0,expenditure : insurance : health care,-,-,-,-,health insurance,-,-,-,-,-,
xislf,0,1,n/a,0,expenditure : insurance : life insurance,-,-,-,-,-,-,-,-,-,-,
xispp,0,1,n/a,0,expenditure : insurance : private pension (voluntary),-,contributions to integrative pension plans (pensione integrativa privata),-,-,-,-,-,-,-,-,
xivhcrt,0,1,n/a,0,expenditure : housing cost : rent : imputed value,-,-,-,-,imputed rent expense,-,-,-,-,-,
xmp,0,1,n/a,0,expenditure : maintenance payment,-,maintenance payments paid,alimony payments (alimendid),-,maintenance payment,maintenance payments,-,-,maintenance payment (pago de transferencias privadas),maintenance payment,
xpp,0,1,n/a,0,expenditure : private pension (voluntary),-,contributions to private pension plans (fondo pensione aziendale o integrativa),voluntary private pension contributions,voluntary pension contributions,-,voluntary pension contributions,-,-,private pension contribution (contribucion para plan de pension privado),private pension contributions,
xuf,0,1,n/a,0,expenditure : labour union fee,-,-,-,-,-,-,-,-,-,-,
yaj,0,1,n/a,0,income : additonal jobs,-,-,-,-,-,contractual work,-,-,-,-,
yds,0,1,n/a,0,income : disposable,-,-,-,-,-,-,-,-,original disposable income (renta disponible original),-,
yem,0,1,n/a,0,income : employment,-,-,employment income,employment income,employment income,employment income,employment income,employment income,employment income (rendimientos del trabajo por cuenta ajena),employment income,
yem_s,1,1,yem,1e-13,income : employment : simulated,-,-,-,-,-,-,-,-,ymw: employment income after applying minimum wage,-,
yemab,0,1,n/a,0,income : employment : abroad,-,-,-,-,-,"employment income, from abroad",-,-,-,-,
yemeq_s,1,1,n/a,1e-13,income : employment : full-time equivalent employment : simulated,full-time equivalent employment income,-,-,-,-,-,-,-,-,-,
yemfb,0,1,n/a,0,income : employment : fringe benefits,-,it: fringe benefits,-,-,-,-,-,-,-,-,
yemhl,0,1,n/a,0,income : employment : holiday bonus,-,-,-,-,-,"employment income, holiday bonus",-,-,-,-,
yemmy,0,0,n/a,12,income : employment : months per year,-,employment income: no. months received in the year,-,-,employment income: no. months received in the year,-,-,-,no. of months receiving employment income (no. de meses recibiendo rendimientos del trabajo por cuenta ajena),-,
yemot,0,1,n/a,0,income : employment : other,-,-,-,-,-,other income from employment,-,-,-,-,
yempj,0,1,yem,0,income : employment : permanent job,-,-,-,-,"employment income, permanent job",-,-,-,-,-,
yempv,0,1,n/a,0,income : employment : previous,-,employment income arrears,-,-,-,-,-,-,-,previous employment income,
yempv_s,1,1,n/a,1e-13,income : employment : previous : simulated,-,-,-,-,-,-,-,-,previous contribution base,previous employment income,
yemtj,0,1,n/a,0,income : employment : temporary job,-,-,-,-,"employment income, temporary job",-,-,-,-,-,
yemwg,0,1,n/a,0,income : employment : wage/salary,-,-,-,-,-,wage income (only),-,-,-,-,
yemxm_s,1,1,n/a,1e-13,income : employment : monthly : simulated,-,-,-,-,-,-,-,-,employment income received per month,-,
yfb,0,1,n/a,0,income : fringe benefits,-,-,-,-,-,-,-,-,-,-,
yivag_s,1,1,n/a,1e-13,income : agriculture : imputed value : simulated,-,-,-,-,imputed income from agriculture for means-tested benefits,-,-,-,-,-,
yiviy_s,1,1,n/a,1e-13,income : imputed value : investment : simulated,imputed income from financial capital for means test social assistance,-,-,-,-,-,-,-,-,-,
yiviy01_s,1,1,n/a,1e-13,income : imputed value : investment : 01 : simulated,imputed income from capital for means test income support elderly,-,-,-,-,-,-,-,-,-,
yivpr_s,1,1,n/a,1e-13,income : imputed value : property : simulated,imputed value income from property (housing) for means test social assistance,-,-,-,-,-,-,-,-,-,
yivpr01_s,1,1,n/a,1e-13,income : imputed value : property : 01 : simulated,imputed income from property for means test income support elderly,-,-,-,-,-,-,-,-,-,
yivwg,0,1,n/a,0,income : imputed value : wage/salary,-,-,-,-,-,-,-,-,imputed wage (salario imputado),imputed hourly wage rate,
yiy,0,1,n/a,0,income : investment,-,investment income (total),investment income,investment income,investment income,"investment income (dividends, interests)",-,-,investment income (rendimientos del capital),investment income,
yiydv,0,1,n/a,0,income : investment : dividends,-,investment income (dividends),-,-,-,dividends,-,-,-,-,
yiyit,0,1,n/a,0,income : investment : interests,-,-,-,-,-,interests,-,-,-,-,
yiyitdp,0,1,yiy,0,income : investment : interests : deposits,-,interests on deposits,-,-,-,-,-,-,-,-,
yiyitob,0,1,n/a,0,income : investment : interests : other bonds,-,interests on other bonds,-,-,-,-,-,-,-,-,
yiyitsb,0,1,n/a,0,income : investment : interests : state bonds,-,interests on state bonds deposits,-,-,-,-,-,-,-,-,
yot,0,1,n/a,0,income : other,-,-,-,other incomes,other incomes,-,-,-,income of children under 16 (ingresos de menores de 16 anos),income of children under 16,
ypp,0,1,n/a,0,income : private pension,-,private pension,-,private pension,-,-,-,-,private pension (pension privada),private pension,
ypr,0,1,n/a,0,income : property,-,-,-,property income,property income,-,-,-,income from property (rendimientos por propiedad),property income,
yprld,0,1,n/a,0,income : property : land,-,-,-,-,-,imputed rent from land,-,-,-,-,
yprro,0,1,n/a,0,income : property : royalties,-,-,royalties,-,-,royalties,-,-,-,-,
yprrt,0,1,n/a,0,income : property : rent,-,-,rental income,-,-,rent,-,-,income from rent (rendimientos por alquiler),income from rent,
ypt,0,1,n/a,0,income : private transfers,-,-,-,-,-,-,-,-,private transfers (transferencias privadas),private transfers received,
ypt00,0,1,n/a,0,income : private transfers : main/basic,-,-,-,-,main private transfer,-,-,-,-,-,
yptmp,0,1,n/a,0,income : private transfers : maintenance payment,-,private transfers including maintenance payments,-,-,received maintenance payment,-,-,-,-,-,
yptmpnt,0,1,n/a,0,income : private transfers : maintenance payment : not taxable,-,-,maintenance payments (non-taxable),-,-,-,-,-,-,-,
yptmptx,0,1,n/a,0,income : private transfers : maintenance payment : taxable,-,-,maintenance payments (taxable),-,-,-,-,-,-,-,
yptot,0,1,n/a,0,income : private transfers : other,-,income received by people aged under 16,-,other private transfers,-,-,-,-,-,-,
yse,0,1,n/a,0,income : self employment,-,-,income from self-employment,self-employment income,-,self-employment income,self-employment income,self-employment income,self-employment income (rendimientos del trabajo por cuenta propia),self-employment income,
yseag,0,1,n/a,0,income : self employment : agriculture,-,-,self-employment income from agriculture,-,self-employment income from agriculture,-,-,-,-,-,
ysebs,0,1,n/a,0,income : self employment : business,-,-,self-employment income from other than agriculture,-,self-employment income from business (non agriculture),-,-,-,-,-,
yseev,0,1,n/a,0,income : self employment : including evasion,-,selfemp income including evasion,-,-,-,-,-,-,-,-,
yseil,0,1,n/a,0,income : self employment : intellectual activities,-,-,-,-,-,-,-,-,-,-,
ysemy,0,0,n/a,0,income : self employment : months per year,-,-,-,-,self-employment income: no. months received in the year,-,-,-,no. of months receiving self-employment income (no. de meses recibiendo rendimientos del trabajo por cuenta propia),no. of months receiving self-employment income,
ysenr,0,1,n/a,0,income : self employment : non reported,-,non reported self-empl income,-,-,-,-,-,-,-,-,
ysenr_s,1,1,n/a,1e-13,income : self employment : non reported : simulated,-,non reported self-empl income,-,-,-,-,-,-,-,-,
ysepv,0,1,n/a,0,income : self employment : previous,-,-,-,-,-,-,-,-,-,-,
ysetx_s,1,1,n/a,1e-13,income : self employment : taxable : simulated,-,-,taxable income from self-employment,-,-,-,-,-,-,taxable income from self-employment,
ysv,0,1,n/a,0,income : severance pay,-,-,-,-,-,-,-,-,severance payment (indemnizaci�n por cese),-,
yunsv,0,1,n/a,0,income : unemployment : severance pay,-,severance pay (liquidazioni da lavoro - tfr),-,-,severance payment,-,-,-,-,severance pay,
